Workbook

Sheet transactions_raw
A1: transaction_id | B1: transaction_date | C1: merchant_name | D1: raw_amount | E1: currency | F1: status | G1: risk_score | H1: gateway_region | I1: user_id | J1: payment_method | K1: transaction_date | L1: merchant_name | M1: status | N1: status_NEW | O1: risk_score | P1: gateway_region | Q1: transactions_amount_usd | R1: high_value_flag | S1: high_risk_flag | T1: merchant_id | U1: account_manager | V1: merchant_category
A2: T001 | B2: 46082 | C2: alpha mart | D2: 420000 | E2: INR | F2: captured | G2: score:62 | H2: APAC | I2: U001 | J2: UPI | K2: =TEXT(B2,"yyyy-mm-dd") -> 2026-03-01 | L2: =PROPER(TRIM(C2)) -> Alpha Mart | M2: =PROPER(TRIM(F2)) -> Captured | N2: =IF(ISNUMBER(SEARCH("chargeback",M2)),"chargeback",IF(ISNUMBER(SEARCH("captured",M2)),"captured",IF(ISNUMBER(SEARCH("failed",M2)),"failed","other"))) -> captured | O2: =VALUE(SUBSTITUTE(SUBSTITUTE(G2,"risk-",""),"score:","")) -> 62 | P2: =UPPER(TRIM(IF(H2="",VLOOKUP(L2,merchant_master!$B$1:$E$6,4,0),H2))) -> APAC | Q2: {=D2*INDEX(exchange_rates!$C:$C,MATCH(1,(exchange_rates!$A:$A=B2)*(exchange_rates!$B:$B=E2),0))} -> 4998 | R2: =IF(OR(AND(P2="APAC",Q2>5000),AND(P2="EU",Q2>6000),AND(P2="US",Q2>7000)),1,0) -> 0 | S2: =IF(OR(O2>=70,ISNUMBER(SEARCH("chargeback",M2))),1,0) -> 0 | T2: =VLOOKUP(L2,merchant_master!$B$1:$F$6,5,0) -> M001 | U2: =VLOOKUP(L2,merchant_master!$B$1:$C$6,2,0) -> Aisha Khan | V2: =VLOOKUP(L2,merchant_master!$B$1:$D$6,3,0) -> Grocery
A3: T002 | B3: 46082 | C3: ALPHA MART | D3: 210000 | E3: INR | F3: Captured | G3: 55 | I3: U002 | J3: Card | K3: =TEXT(B3,"yyyy-mm-dd") -> 2026-03-01 | L3: =PROPER(TRIM(C3)) -> Alpha Mart | M3: =PROPER(TRIM(F3)) -> Captured | N3: =IF(ISNUMBER(SEARCH("chargeback",M3)),"chargeback",IF(ISNUMBER(SEARCH("captured",M3)),"captured",IF(ISNUMBER(SEARCH("failed",M3)),"failed","other"))) -> captured | O3: =VALUE(SUBSTITUTE(SUBSTITUTE(G3,"risk-",""),"score:","")) -> 55 | P3: =UPPER(TRIM(IF(H3="",VLOOKUP(L3,merchant_master!$B$1:$E$6,4,0),H3))) -> APAC | Q3: {=D3*INDEX(exchange_rates!$C:$C,MATCH(1,(exchange_rates!$A:$A=B3)*(exchange_rates!$B:$B=E3),0))} -> 2499 | R3: =IF(OR(AND(P3="APAC",Q3>5000),AND(P3="EU",Q3>6000),AND(P3="US",Q3>7000)),1,0) -> 0 | S3: =IF(OR(O3>=70,ISNUMBER(SEARCH("chargeback",M3))),1,0) -> 0 | T3: =VLOOKUP(L3,merchant_master!$B$1:$F$6,5,0) -> M001 | U3: =VLOOKUP(L3,merchant_master!$B$1:$C$6,2,0) -> Aisha Khan | V3: =VLOOKUP(L3,merchant_master!$B$1:$D$6,3,0) -> Grocery
A4: T003 | B4: 46082 | C4: BETA STORES | D4: 510000 | E4: INR | F4: CAPTURED | G4: 71 | H4: APAC | I4: U003 | J4: NetBanking | K4: =TEXT(B4,"yyyy-mm-dd") -> 2026-03-01 | L4: =PROPER(TRIM(C4)) -> Beta Stores | M4: =PROPER(TRIM(F4)) -> Captured | N4: =IF(ISNUMBER(SEARCH("chargeback",M4)),"chargeback",IF(ISNUMBER(SEARCH("captured",M4)),"captured",IF(ISNUMBER(SEARCH("failed",M4)),"failed","other"))) -> captured | O4: =VALUE(SUBSTITUTE(SUBSTITUTE(G4,"risk-",""),"score:","")) -> 71 | P4: =UPPER(TRIM(IF(H4="",VLOOKUP(L4,merchant_master!$B$1:$E$6,4,0),H4))) -> APAC | Q4: {=D4*INDEX(exchange_rates!$C:$C,MATCH(1,(exchange_rates!$A:$A=B4)*(exchange_rates!$B:$B=E4),0))} -> 6069 | R4: =IF(OR(AND(P4="APAC",Q4>5000),AND(P4="EU",Q4>6000),AND(P4="US",Q4>7000)),1,0) -> 1 | S4: =IF(OR(O4>=70,ISNUMBER(SEARCH("chargeback",M4))),1,0) -> 1 | T4: =VLOOKUP(L4,merchant_master!$B$1:$F$6,5,0) -> M002 | U4: =VLOOKUP(L4,merchant_master!$B$1:$C$6,2,0) -> Rohan Mehta | V4: =VLOOKUP(L4,merchant_master!$B$1:$D$6,3,0) -> Electronics
A5: T004 | B5: 46083 | C5: Beta Stores | D5: 160000 | E5: INR | F5: failed e05 timeout | G5: 68 | H5: apac | I5: U004 | J5: Card | K5: =TEXT(B5,"yyyy-mm-dd") -> 2026-03-02 | L5: =PROPER(TRIM(C5)) -> Beta Stores | M5: =PROPER(TRIM(F5)) -> Failed E05 Timeout | N5: =IF(ISNUMBER(SEARCH("chargeback",M5)),"chargeback",IF(ISNUMBER(SEARCH("captured",M5)),"captured",IF(ISNUMBER(SEARCH("failed",M5)),"failed","other"))) -> failed | O5: =VALUE(SUBSTITUTE(SUBSTITUTE(G5,"risk-",""),"score:","")) -> 68 | P5: =UPPER(TRIM(IF(H5="",VLOOKUP(L5,merchant_master!$B$1:$E$6,4,0),H5))) -> APAC | Q5: {=D5*INDEX(exchange_rates!$C:$C,MATCH(1,(exchange_rates!$A:$A=B5)*(exchange_rates!$B:$B=E5),0))} -> 1920 | R5: =IF(OR(AND(P5="APAC",Q5>5000),AND(P5="EU",Q5>6000),AND(P5="US",Q5>7000)),1,0) -> 0 | S5: =IF(OR(O5>=70,ISNUMBER(SEARCH("chargeback",M5))),1,0) -> 0 | T5: =VLOOKUP(L5,merchant_master!$B$1:$F$6,5,0) -> M002 | U5: =VLOOKUP(L5,merchant_master!$B$1:$C$6,2,0) -> Rohan Mehta | V5: =VLOOKUP(L5,merchant_master!$B$1:$D$6,3,0) -> Electronics
A6: T005 | B6: 46083 | C6: Alpha Mart | D6: 390000 | E6: INR | F6: CAPTURED | G6: 58 | I6: U001 | J6: UPI | K6: =TEXT(B6,"yyyy-mm-dd") -> 2026-03-02 | L6: =PROPER(TRIM(C6)) -> Alpha Mart | M6: =PROPER(TRIM(F6)) -> Captured | N6: =IF(ISNUMBER(SEARCH("chargeback",M6)),"chargeback",IF(ISNUMBER(SEARCH("captured",M6)),"captured",IF(ISNUMBER(SEARCH("failed",M6)),"failed","other"))) -> captured | O6: =VALUE(SUBSTITUTE(SUBSTITUTE(G6,"risk-",""),"score:","")) -> 58 | P6: =UPPER(TRIM(IF(H6="",VLOOKUP(L6,merchant_master!$B$1:$E$6,4,0),H6))) -> APAC | Q6: {=D6*INDEX(exchange_rates!$C:$C,MATCH(1,(exchange_rates!$A:$A=B6)*(exchange_rates!$B:$B=E6),0))} -> 4680 | R6: =IF(OR(AND(P6="APAC",Q6>5000),AND(P6="EU",Q6>6000),AND(P6="US",Q6>7000)),1,0) -> 0 | S6: =IF(OR(O6>=70,ISNUMBER(SEARCH("chargeback",M6))),1,0) -> 0 | T6: =VLOOKUP(L6,merchant_master!$B$1:$F$6,5,0) -> M001 | U6: =VLOOKUP(L6,merchant_master!$B$1:$C$6,2,0) -> Aisha Khan | V6: =VLOOKUP(L6,merchant_master!$B$1:$D$6,3,0) -> Grocery
A7: T006 | B7: 46083 | C7: Beta Stores | D7: 275000 | E7: INR | F7: Captured | G7: score:64 | I7: U005 | J7: Wallet | K7: =TEXT(B7,"yyyy-mm-dd") -> 2026-03-02 | L7: =PROPER(TRIM(C7)) -> Beta Stores | M7: =PROPER(TRIM(F7)) -> Captured | N7: =IF(ISNUMBER(SEARCH("chargeback",M7)),"chargeback",IF(ISNUMBER(SEARCH("captured",M7)),"captured",IF(ISNUMBER(SEARCH("failed",M7)),"failed","other"))) -> captured | O7: =VALUE(SUBSTITUTE(SUBSTITUTE(G7,"risk-",""),"score:","")) -> 64 | P7: =UPPER(TRIM(IF(H7="",VLOOKUP(L7,merchant_master!$B$1:$E$6,4,0),H7))) -> APAC | Q7: {=D7*INDEX(exchange_rates!$C:$C,MATCH(1,(exchange_rates!$A:$A=B7)*(exchange_rates!$B:$B=E7),0))} -> 3300 | R7: =IF(OR(AND(P7="APAC",Q7>5000),AND(P7="EU",Q7>6000),AND(P7="US",Q7>7000)),1,0) -> 0 | S7: =IF(OR(O7>=70,ISNUMBER(SEARCH("chargeback",M7))),1,0) -> 0 | T7: =VLOOKUP(L7,merchant_master!$B$1:$F$6,5,0) -> M002 | U7: =VLOOKUP(L7,merchant_master!$B$1:$C$6,2,0) -> Rohan Mehta | V7: =VLOOKUP(L7,merchant_master!$B$1:$D$6,3,0) -> Electronics
A8: T007 | B8: 46083 | C8: Alpha Mart | D8: 450000 | E8: INR | F8: chargeback | G8: risk-83 | H8: APAC | I8: U006 | J8: Card | K8: =TEXT(B8,"yyyy-mm-dd") -> 2026-03-02 | L8: =PROPER(TRIM(C8)) -> Alpha Mart | M8: =PROPER(TRIM(F8)) -> Chargeback | N8: =IF(ISNUMBER(SEARCH("chargeback",M8)),"chargeback",IF(ISNUMBER(SEARCH("captured",M8)),"captured",IF(ISNUMBER(SEARCH("failed",M8)),"failed","other"))) -> chargeback | O8: =VALUE(SUBSTITUTE(SUBSTITUTE(G8,"risk-",""),"score:","")) -> 83 | P8: =UPPER(TRIM(IF(H8="",VLOOKUP(L8,merchant_master!$B$1:$E$6,4,0),H8))) -> APAC | Q8: {=D8*INDEX(exchange_rates!$C:$C,MATCH(1,(exchange_rates!$A:$A=B8)*(exchange_rates!$B:$B=E8),0))} -> 5400 | R8: =IF(OR(AND(P8="APAC",Q8>5000),AND(P8="EU",Q8>6000),AND(P8="US",Q8>7000)),1,0) -> 1 | S8: =IF(OR(O8>=70,ISNUMBER(SEARCH("chargeback",M8))),1,0) -> 1 | T8: =VLOOKUP(L8,merchant_master!$B$1:$F$6,5,0) -> M001 | U8: =VLOOKUP(L8,merchant_master!$B$1:$C$6,2,0) -> Aisha Khan | V8: =VLOOKUP(L8,merchant_master!$B$1:$D$6,3,0) -> Grocery
A9: T008 | B9: 46084 | C9: BETA STORES | D9: 340000 | E9: INR | F9: Captured | G9: 59 | I9: U007 | J9: UPI | K9: =TEXT(B9,"yyyy-mm-dd") -> 2026-03-03 | L9: =PROPER(TRIM(C9)) -> Beta Stores | M9: =PROPER(TRIM(F9)) -> Captured | N9: =IF(ISNUMBER(SEARCH("chargeback",M9)),"chargeback",IF(ISNUMBER(SEARCH("captured",M9)),"captured",IF(ISNUMBER(SEARCH("failed",M9)),"failed","other"))) -> captured | O9: =VALUE(SUBSTITUTE(SUBSTITUTE(G9,"risk-",""),"score:","")) -> 59 | P9: =UPPER(TRIM(IF(H9="",VLOOKUP(L9,merchant_master!$B$1:$E$6,4,0),H9))) -> APAC | Q9: {=D9*INDEX(exchange_rates!$C:$C,MATCH(1,(exchange_rates!$A:$A=B9)*(exchange_rates!$B:$B=E9),0))} -> 4114 | R9: =IF(OR(AND(P9="APAC",Q9>5000),AND(P9="EU",Q9>6000),AND(P9="US",Q9>7000)),1,0) -> 0 | S9: =IF(OR(O9>=70,ISNUMBER(SEARCH("chargeback",M9))),1,0) -> 0 | T9: =VLOOKUP(L9,merchant_master!$B$1:$F$6,5,0) -> M002 | U9: =VLOOKUP(L9,merchant_master!$B$1:$C$6,2,0) -> Rohan Mehta | V9: =VLOOKUP(L9,merchant_master!$B$1:$D$6,3,0) -> Electronics
A10: T009 | B10: 46084 | C10: Alpha Mart | D10: 125000 | E10: INR | F10: captured | G10: 46 | H10: APAC | I10: U002 | J10: Wallet | K10: =TEXT(B10,"yyyy-mm-dd") -> 2026-03-03 | L10: =PROPER(TRIM(C10)) -> Alpha Mart | M10: =PROPER(TRIM(F10)) -> Captured | N10: =IF(ISNUMBER(SEARCH("chargeback",M10)),"chargeback",IF(ISNUMBER(SEARCH("captured",M10)),"captured",IF(ISNUMBER(SEARCH("failed",M10)),"failed","other"))) -> captured | O10: =VALUE(SUBSTITUTE(SUBSTITUTE(G10,"risk-",""),"score:","")) -> 46 | P10: =UPPER(TRIM(IF(H10="",VLOOKUP(L10,merchant_master!$B$1:$E$6,4,0),H10))) -> APAC | Q10: {=D10*INDEX(exchange_rates!$C:$C,MATCH(1,(exchange_rates!$A:$A=B10)*(exchange_rates!$B:$B=E10),0))} -> 1512.5 | R10: =IF(OR(AND(P10="APAC",Q10>5000),AND(P10="EU",Q10>6000),AND(P10="US",Q10>7000)),1,0) -> 0 | S10: =IF(OR(O10>=70,ISNUMBER(SEARCH("chargeback",M10))),1,0) -> 0 | T10: =VLOOKUP(L10,merchant_master!$B$1:$F$6,5,0) -> M001 | U10: =VLOOKUP(L10,merchant_master!$B$1:$C$6,2,0) -> Aisha Khan | V10: =VLOOKUP(L10,merchant_master!$B$1:$D$6,3,0) -> Grocery
A11: T010 | B11: 46084 | C11: Beta Stores | D11: 610000 | E11: INR | F11: captured | G11: risk-77 | I11: U003 | J11: Card | K11: =TEXT(B11,"yyyy-mm-dd") -> 2026-03-03 | L11: =PROPER(TRIM(C11)) -> Beta Stores | M11: =PROPER(TRIM(F11)) -> Captured | N11: =IF(ISNUMBER(SEARCH("chargeback",M11)),"chargeback",IF(ISNUMBER(SEARCH("captured",M11)),"captured",IF(ISNUMBER(SEARCH("failed",M11)),"failed","other"))) -> captured | O11: =VALUE(SUBSTITUTE(SUBSTITUTE(G11,"risk-",""),"score:","")) -> 77 | P11: =UPPER(TRIM(IF(H11="",VLOOKUP(L11,merchant_master!$B$1:$E$6,4,0),H11))) -> APAC | Q11: {=D11*INDEX(exchange_rates!$C:$C,MATCH(1,(exchange_rates!$A:$A=B11)*(exchange_rates!$B:$B=E11),0))} -> 7381 | R11: =IF(OR(AND(P11="APAC",Q11>5000),AND(P11="EU",Q11>6000),AND(P11="US",Q11>7000)),1,0) -> 1 | S11: =IF(OR(O11>=70,ISNUMBER(SEARCH("chargeback",M11))),1,0) -> 1 | T11: =VLOOKUP(L11,merchant_master!$B$1:$F$6,5,0) -> M002 | U11: =VLOOKUP(L11,merchant_master!$B$1:$C$6,2,0) -> Rohan Mehta | V11: =VLOOKUP(L11,merchant_master!$B$1:$D$6,3,0) -> Electronics
A12: T011 | B12: 46084 | C12: Alpha Mart | D12: 195000 | E12: INR | F12: FAILED e05 TIMEOUT | I12: U008 | J12: UPI | K12: =TEXT(B12,"yyyy-mm-dd") -> 2026-03-03 | L12: =PROPER(TRIM(C12)) -> Alpha Mart | M12: =PROPER(TRIM(F12)) -> Failed E05 Timeout | N12: =IF(ISNUMBER(SEARCH("chargeback",M12)),"chargeback",IF(ISNUMBER(SEARCH("captured",M12)),"captured",IF(ISNUMBER(SEARCH("failed",M12)),"failed","other"))) -> failed | P12: =UPPER(TRIM(IF(H12="",VLOOKUP(L12,merchant_master!$B$1:$E$6,4,0),H12))) -> APAC | Q12: {=D12*INDEX(exchange_rates!$C:$C,MATCH(1,(exchange_rates!$A:$A=B12)*(exchange_rates!$B:$B=E12),0))} -> 2359.5 | R12: =IF(OR(AND(P12="APAC",Q12>5000),AND(P12="EU",Q12>6000),AND(P12="US",Q12>7000)),1,0) -> 0 | S12: =IF(OR(O12>=70,ISNUMBER(SEARCH("chargeback",M12))),1,0) -> 0 | T12: =VLOOKUP(L12,merchant_master!$B$1:$F$6,5,0) -> M001 | U12: =VLOOKUP(L12,merchant_master!$B$1:$C$6,2,0) -> Aisha Khan | V12: =VLOOKUP(L12,merchant_master!$B$1:$D$6,3,0) -> Grocery
A13: T012 | B13: 46085 | C13: Beta Stores | D13: 250000 | E13: INR | F13: captured | G13: risk-61 | H13: APAC | I13: U009 | J13: Card | K13: =TEXT(B13,"yyyy-mm-dd") -> 2026-03-04 | L13: =PROPER(TRIM(C13)) -> Beta Stores | M13: =PROPER(TRIM(F13)) -> Captured | N13: =IF(ISNUMBER(SEARCH("chargeback",M13)),"chargeback",IF(ISNUMBER(SEARCH("captured",M13)),"captured",IF(ISNUMBER(SEARCH("failed",M13)),"failed","other"))) -> captured | O13: =VALUE(SUBSTITUTE(SUBSTITUTE(G13,"risk-",""),"score:","")) -> 61 | P13: =UPPER(TRIM(IF(H13="",VLOOKUP(L13,merchant_master!$B$1:$E$6,4,0),H13))) -> APAC | Q13: {=D13*INDEX(exchange_rates!$C:$C,MATCH(1,(exchange_rates!$A:$A=B13)*(exchange_rates!$B:$B=E13),0))} -> 3000 | R13: =IF(OR(AND(P13="APAC",Q13>5000),AND(P13="EU",Q13>6000),AND(P13="US",Q13>7000)),1,0) -> 0 | S13: =IF(OR(O13>=70,ISNUMBER(SEARCH("chargeback",M13))),1,0) -> 0 | T13: =VLOOKUP(L13,merchant_master!$B$1:$F$6,5,0) -> M002 | U13: =VLOOKUP(L13,merchant_master!$B$1:$C$6,2,0) -> Rohan Mehta | V13: =VLOOKUP(L13,merchant_master!$B$1:$D$6,3,0) -> Electronics
A14: T013 | B14: 46085 | C14: alpha mart | D14: 310000 | E14: INR | F14: captured | G14: score:54 | H14: APAC | I14: U010 | J14: UPI | K14: =TEXT(B14,"yyyy-mm-dd") -> 2026-03-04 | L14: =PROPER(TRIM(C14)) -> Alpha Mart | M14: =PROPER(TRIM(F14)) -> Captured | N14: =IF(ISNUMBER(SEARCH("chargeback",M14)),"chargeback",IF(ISNUMBER(SEARCH("captured",M14)),"captured",IF(ISNUMBER(SEARCH("failed",M14)),"failed","other"))) -> captured | O14: =VALUE(SUBSTITUTE(SUBSTITUTE(G14,"risk-",""),"score:","")) -> 54 | P14: =UPPER(TRIM(IF(H14="",VLOOKUP(L14,merchant_master!$B$1:$E$6,4,0),H14))) -> APAC | Q14: {=D14*INDEX(exchange_rates!$C:$C,MATCH(1,(exchange_rates!$A:$A=B14)*(exchange_rates!$B:$B=E14),0))} -> 3720 | R14: =IF(OR(AND(P14="APAC",Q14>5000),AND(P14="EU",Q14>6000),AND(P14="US",Q14>7000)),1,0) -> 0 | S14: =IF(OR(O14>=70,ISNUMBER(SEARCH("chargeback",M14))),1,0) -> 0 | T14: =VLOOKUP(L14,merchant_master!$B$1:$F$6,5,0) -> M001 | U14: =VLOOKUP(L14,merchant_master!$B$1:$C$6,2,0) -> Aisha Khan | V14: =VLOOKUP(L14,merchant_master!$B$1:$D$6,3,0) -> Grocery
A15: T014 | B15: 46085 | C15: Beta Stores | D15: 470000 | E15: INR | F15: captured | G15: risk-73 | H15: APAC | I15: U001 | J15: NetBanking | K15: =TEXT(B15,"yyyy-mm-dd") -> 2026-03-04 | L15: =PROPER(TRIM(C15)) -> Beta Stores | M15: =PROPER(TRIM(F15)) -> Captured | N15: =IF(ISNUMBER(SEARCH("chargeback",M15)),"chargeback",IF(ISNUMBER(SEARCH("captured",M15)),"captured",IF(ISNUMBER(SEARCH("failed",M15)),"failed","other"))) -> captured | O15: =VALUE(SUBSTITUTE(SUBSTITUTE(G15,"risk-",""),"score:","")) -> 73 | P15: =UPPER(TRIM(IF(H15="",VLOOKUP(L15,merchant_master!$B$1:$E$6,4,0),H15))) -> APAC | Q15: {=D15*INDEX(exchange_rates!$C:$C,MATCH(1,(exchange_rates!$A:$A=B15)*(exchange_rates!$B:$B=E15),0))} -> 5640 | R15: =IF(OR(AND(P15="APAC",Q15>5000),AND(P15="EU",Q15>6000),AND(P15="US",Q15>7000)),1,0) -> 1 | S15: =IF(OR(O15>=70,ISNUMBER(SEARCH("chargeback",M15))),1,0) -> 1 | T15: =VLOOKUP(L15,merchant_master!$B$1:$F$6,5,0) -> M002 | U15: =VLOOKUP(L15,merchant_master!$B$1:$C$6,2,0) -> Rohan Mehta | V15: =VLOOKUP(L15,merchant_master!$B$1:$D$6,3,0) -> Electronics
A16: T015 | B16: 46085 | C16: Alpha Mart | D16: 130000 | E16: INR | F16: captured | G16: score:52 | I16: U002 | J16: Card | K16: =TEXT(B16,"yyyy-mm-dd") -> 2026-03-04 | L16: =PROPER(TRIM(C16)) -> Alpha Mart | M16: =PROPER(TRIM(F16)) -> Captured | N16: =IF(ISNUMBER(SEARCH("chargeback",M16)),"chargeback",IF(ISNUMBER(SEARCH("captured",M16)),"captured",IF(ISNUMBER(SEARCH("failed",M16)),"failed","other"))) -> captured | O16: =VALUE(SUBSTITUTE(SUBSTITUTE(G16,"risk-",""),"score:","")) -> 52 | P16: =UPPER(TRIM(IF(H16="",VLOOKUP(L16,merchant_master!$B$1:$E$6,4,0),H16))) -> APAC | Q16: {=D16*INDEX(exchange_rates!$C:$C,MATCH(1,(exchange_rates!$A:$A=B16)*(exchange_rates!$B:$B=E16),0))} -> 1560 | R16: =IF(OR(AND(P16="APAC",Q16>5000),AND(P16="EU",Q16>6000),AND(P16="US",Q16>7000)),1,0) -> 0 | S16: =IF(OR(O16>=70,ISNUMBER(SEARCH("chargeback",M16))),1,0) -> 0 | T16: =VLOOKUP(L16,merchant_master!$B$1:$F$6,5,0) -> M001 | U16: =VLOOKUP(L16,merchant_master!$B$1:$C$6,2,0) -> Aisha Khan | V16: =VLOOKUP(L16,merchant_master!$B$1:$D$6,3,0) -> Grocery
A17: T016 | B17: 46086 | C17: Beta Stores | D17: 220000 | E17: INR | F17: failed E05 timeout | G17: risk-69 | I17: U008 | J17: Card | K17: =TEXT(B17,"yyyy-mm-dd") -> 2026-03-05 | L17: =PROPER(TRIM(C17)) -> Beta Stores | M17: =PROPER(TRIM(F17)) -> Failed E05 Timeout | N17: =IF(ISNUMBER(SEARCH("chargeback",M17)),"chargeback",IF(ISNUMBER(SEARCH("captured",M17)),"captured",IF(ISNUMBER(SEARCH("failed",M17)),"failed","other"))) -> failed | O17: =VALUE(SUBSTITUTE(SUBSTITUTE(G17,"risk-",""),"score:","")) -> 69 | P17: =UPPER(TRIM(IF(H17="",VLOOKUP(L17,merchant_master!$B$1:$E$6,4,0),H17))) -> APAC | Q17: {=D17*INDEX(exchange_rates!$C:$C,MATCH(1,(exchange_rates!$A:$A=B17)*(exchange_rates!$B:$B=E17),0))} -> 2596 | R17: =IF(OR(AND(P17="APAC",Q17>5000),AND(P17="EU",Q17>6000),AND(P17="US",Q17>7000)),1,0) -> 0 | S17: =IF(OR(O17>=70,ISNUMBER(SEARCH("chargeback",M17))),1,0) -> 0 | T17: =VLOOKUP(L17,merchant_master!$B$1:$F$6,5,0) -> M002 | U17: =VLOOKUP(L17,merchant_master!$B$1:$C$6,2,0) -> Rohan Mehta | V17: =VLOOKUP(L17,merchant_master!$B$1:$D$6,3,0) -> Electronics
A18: T017 | B18: 46086 | C18: Beta Stores | D18: 180000 | E18: INR | F18: Failed E05 Timeout | G18: score:72 | H18: apac | I18: U008 | J18: Card | K18: =TEXT(B18,"yyyy-mm-dd") -> 2026-03-05 | L18: =PROPER(TRIM(C18)) -> Beta Stores | M18: =PROPER(TRIM(F18)) -> Failed E05 Timeout | N18: =IF(ISNUMBER(SEARCH("chargeback",M18)),"chargeback",IF(ISNUMBER(SEARCH("captured",M18)),"captured",IF(ISNUMBER(SEARCH("failed",M18)),"failed","other"))) -> failed | O18: =VALUE(SUBSTITUTE(SUBSTITUTE(G18,"risk-",""),"score:","")) -> 72 | P18: =UPPER(TRIM(IF(H18="",VLOOKUP(L18,merchant_master!$B$1:$E$6,4,0),H18))) -> APAC | Q18: {=D18*INDEX(exchange_rates!$C:$C,MATCH(1,(exchange_rates!$A:$A=B18)*(exchange_rates!$B:$B=E18),0))} -> 2124 | R18: =IF(OR(AND(P18="APAC",Q18>5000),AND(P18="EU",Q18>6000),AND(P18="US",Q18>7000)),1,0) -> 0 | S18: =IF(OR(O18>=70,ISNUMBER(SEARCH("chargeback",M18))),1,0) -> 1 | T18: =VLOOKUP(L18,merchant_master!$B$1:$F$6,5,0) -> M002 | U18: =VLOOKUP(L18,merchant_master!$B$1:$C$6,2,0) -> Rohan Mehta | V18: =VLOOKUP(L18,merchant_master!$B$1:$D$6,3,0) -> Electronics
A19: T018 | B19: 46086 | C19: BETA STORES | D19: 145000 | E19: INR | F19: chargeback | G19: risk-86 | H19: APAC | I19: U008 | J19: UPI | K19: =TEXT(B19,"yyyy-mm-dd") -> 2026-03-05 | L19: =PROPER(TRIM(C19)) -> Beta Stores | M19: =PROPER(TRIM(F19)) -> Chargeback | N19: =IF(ISNUMBER(SEARCH("chargeback",M19)),"chargeback",IF(ISNUMBER(SEARCH("captured",M19)),"captured",IF(ISNUMBER(SEARCH("failed",M19)),"failed","other"))) -> chargeback | O19: =VALUE(SUBSTITUTE(SUBSTITUTE(G19,"risk-",""),"score:","")) -> 86 | P19: =UPPER(TRIM(IF(H19="",VLOOKUP(L19,merchant_master!$B$1:$E$6,4,0),H19))) -> APAC | Q19: {=D19*INDEX(exchange_rates!$C:$C,MATCH(1,(exchange_rates!$A:$A=B19)*(exchange_rates!$B:$B=E19),0))} -> 1711 | R19: =IF(OR(AND(P19="APAC",Q19>5000),AND(P19="EU",Q19>6000),AND(P19="US",Q19>7000)),1,0) -> 0 | S19: =IF(OR(O19>=70,ISNUMBER(SEARCH("chargeback",M19))),1,0) -> 1 | T19: =VLOOKUP(L19,merchant_master!$B$1:$F$6,5,0) -> M002 | U19: =VLOOKUP(L19,merchant_master!$B$1:$C$6,2,0) -> Rohan Mehta | V19: =VLOOKUP(L19,merchant_master!$B$1:$D$6,3,0) -> Electronics
A20: T019 | B20: 46086 | C20: Alpha Mart | D20: 260000 | E20: INR | F20: Failed E05 Timeout | G20: score:67 | H20: apac | I20: U008 | J20: Wallet | K20: =TEXT(B20,"yyyy-mm-dd") -> 2026-03-05 | L20: =PROPER(TRIM(C20)) -> Alpha Mart | M20: =PROPER(TRIM(F20)) -> Failed E05 Timeout | N20: =IF(ISNUMBER(SEARCH("chargeback",M20)),"chargeback",IF(ISNUMBER(SEARCH("captured",M20)),"captured",IF(ISNUMBER(SEARCH("failed",M20)),"failed","other"))) -> failed | O20: =VALUE(SUBSTITUTE(SUBSTITUTE(G20,"risk-",""),"score:","")) -> 67 | P20: =UPPER(TRIM(IF(H20="",VLOOKUP(L20,merchant_master!$B$1:$E$6,4,0),H20))) -> APAC | Q20: {=D20*INDEX(exchange_rates!$C:$C,MATCH(1,(exchange_rates!$A:$A=B20)*(exchange_rates!$B:$B=E20),0))} -> 3068 | R20: =IF(OR(AND(P20="APAC",Q20>5000),AND(P20="EU",Q20>6000),AND(P20="US",Q20>7000)),1,0) -> 0 | S20: =IF(OR(O20>=70,ISNUMBER(SEARCH("chargeback",M20))),1,0) -> 0 | T20: =VLOOKUP(L20,merchant_master!$B$1:$F$6,5,0) -> M001 | U20: =VLOOKUP(L20,merchant_master!$B$1:$C$6,2,0) -> Aisha Khan | V20: =VLOOKUP(L20,merchant_master!$B$1:$D$6,3,0) -> Grocery
A21: T020 | B21: 46086 | C21: Alpha Mart | D21: 520000 | E21: INR | F21: Captured | G21: 75 | H21: APAC | I21: U005 | J21: UPI | K21: =TEXT(B21,"yyyy-mm-dd") -> 2026-03-05 | L21: =PROPER(TRIM(C21)) -> Alpha Mart | M21: =PROPER(TRIM(F21)) -> Captured | N21: =IF(ISNUMBER(SEARCH("chargeback",M21)),"chargeback",IF(ISNUMBER(SEARCH("captured",M21)),"captured",IF(ISNUMBER(SEARCH("failed",M21)),"failed","other"))) -> captured | O21: =VALUE(SUBSTITUTE(SUBSTITUTE(G21,"risk-",""),"score:","")) -> 75 | P21: =UPPER(TRIM(IF(H21="",VLOOKUP(L21,merchant_master!$B$1:$E$6,4,0),H21))) -> APAC | Q21: {=D21*INDEX(exchange_rates!$C:$C,MATCH(1,(exchange_rates!$A:$A=B21)*(exchange_rates!$B:$B=E21),0))} -> 6136 | R21: =IF(OR(AND(P21="APAC",Q21>5000),AND(P21="EU",Q21>6000),AND(P21="US",Q21>7000)),1,0) -> 1 | S21: =IF(OR(O21>=70,ISNUMBER(SEARCH("chargeback",M21))),1,0) -> 1 | T21: =VLOOKUP(L21,merchant_master!$B$1:$F$6,5,0) -> M001 | U21: =VLOOKUP(L21,merchant_master!$B$1:$C$6,2,0) -> Aisha Khan | V21: =VLOOKUP(L21,merchant_master!$B$1:$D$6,3,0) -> Grocery
A22: T021 | B22: 46087 | C22: beta stores | D22: 330000 | E22: INR | F22: captured | G22: score:63 | I22: U006 | J22: Card | K22: =TEXT(B22,"yyyy-mm-dd") -> 2026-03-06 | L22: =PROPER(TRIM(C22)) -> Beta Stores | M22: =PROPER(TRIM(F22)) -> Captured | N22: =IF(ISNUMBER(SEARCH("chargeback",M22)),"chargeback",IF(ISNUMBER(SEARCH("captured",M22)),"captured",IF(ISNUMBER(SEARCH("failed",M22)),"failed","other"))) -> captured | O22: =VALUE(SUBSTITUTE(SUBSTITUTE(G22,"risk-",""),"score:","")) -> 63 | P22: =UPPER(TRIM(IF(H22="",VLOOKUP(L22,merchant_master!$B$1:$E$6,4,0),H22))) -> APAC | Q22: {=D22*INDEX(exchange_rates!$C:$C,MATCH(1,(exchange_rates!$A:$A=B22)*(exchange_rates!$B:$B=E22),0))} -> 3927 | R22: =IF(OR(AND(P22="APAC",Q22>5000),AND(P22="EU",Q22>6000),AND(P22="US",Q22>7000)),1,0) -> 0 | S22: =IF(OR(O22>=70,ISNUMBER(SEARCH("chargeback",M22))),1,0) -> 0 | T22: =VLOOKUP(L22,merchant_master!$B$1:$F$6,5,0) -> M002 | U22: =VLOOKUP(L22,merchant_master!$B$1:$C$6,2,0) -> Rohan Mehta | V22: =VLOOKUP(L22,merchant_master!$B$1:$D$6,3,0) -> Electronics
A23: T022 | B23: 46087 | C23: ALPHA MART | D23: 410000 | E23: INR | F23: captured | G23: 60 | H23: APAC | I23: U007 | J23: UPI | K23: =TEXT(B23,"yyyy-mm-dd") -> 2026-03-06 | L23: =PROPER(TRIM(C23)) -> Alpha Mart | M23: =PROPER(TRIM(F23)) -> Captured | N23: =IF(ISNUMBER(SEARCH("chargeback",M23)),"chargeback",IF(ISNUMBER(SEARCH("captured",M23)),"captured",IF(ISNUMBER(SEARCH("failed",M23)),"failed","other"))) -> captured | O23: =VALUE(SUBSTITUTE(SUBSTITUTE(G23,"risk-",""),"score:","")) -> 60 | P23: =UPPER(TRIM(IF(H23="",VLOOKUP(L23,merchant_master!$B$1:$E$6,4,0),H23))) -> APAC | Q23: {=D23*INDEX(exchange_rates!$C:$C,MATCH(1,(exchange_rates!$A:$A=B23)*(exchange_rates!$B:$B=E23),0))} -> 4879 | R23: =IF(OR(AND(P23="APAC",Q23>5000),AND(P23="EU",Q23>6000),AND(P23="US",Q23>7000)),1,0) -> 0 | S23: =IF(OR(O23>=70,ISNUMBER(SEARCH("chargeback",M23))),1,0) -> 0 | T23: =VLOOKUP(L23,merchant_master!$B$1:$F$6,5,0) -> M001 | U23: =VLOOKUP(L23,merchant_master!$B$1:$C$6,2,0) -> Aisha Khan | V23: =VLOOKUP(L23,merchant_master!$B$1:$D$6,3,0) -> Grocery
A24: T023 | B24: 46082 | C24: City Pharma | D24: 5200 | E24: EUR | F24: Captured | G24: 42 | H24: EU | I24: U003 | J24: Card | K24: =TEXT(B24,"yyyy-mm-dd") -> 2026-03-01 | L24: =PROPER(TRIM(C24)) -> City Pharma | M24: =PROPER(TRIM(F24)) -> Captured | N24: =IF(ISNUMBER(SEARCH("chargeback",M24)),"chargeback",IF(ISNUMBER(SEARCH("captured",M24)),"captured",IF(ISNUMBER(SEARCH("failed",M24)),"failed","other"))) -> captured | O24: =VALUE(SUBSTITUTE(SUBSTITUTE(G24,"risk-",""),"score:","")) -> 42 | P24: =UPPER(TRIM(IF(H24="",VLOOKUP(L24,merchant_master!$B$1:$E$6,4,0),H24))) -> EU | Q24: {=D24*INDEX(exchange_rates!$C:$C,MATCH(1,(exchange_rates!$A:$A=B24)*(exchange_rates!$B:$B=E24),0))} -> 5616 | R24: =IF(OR(AND(P24="APAC",Q24>5000),AND(P24="EU",Q24>6000),AND(P24="US",Q24>7000)),1,0) -> 0 | S24: =IF(OR(O24>=70,ISNUMBER(SEARCH("chargeback",M24))),1,0) -> 0 | T24: =VLOOKUP(L24,merchant_master!$B$1:$F$6,5,0) -> M003 | U24: =VLOOKUP(L24,merchant_master!$B$1:$C$6,2,0) -> Elena Rossi | V24: =VLOOKUP(L24,merchant_master!$B$1:$D$6,3,0) -> Healthcare
A25: T024 | B25: 46083 | C25: Eco Home | D25: 6100 | E25: EUR | F25: chargeback | G25: score:65 | H25: EU | I25: U004 | J25: Card | K25: =TEXT(B25,"yyyy-mm-dd") -> 2026-03-02 | L25: =PROPER(TRIM(C25)) -> Eco Home | M25: =PROPER(TRIM(F25)) -> Chargeback | N25: =IF(ISNUMBER(SEARCH("chargeback",M25)),"chargeback",IF(ISNUMBER(SEARCH("captured",M25)),"captured",IF(ISNUMBER(SEARCH("failed",M25)),"failed","other"))) -> chargeback | O25: =VALUE(SUBSTITUTE(SUBSTITUTE(G25,"risk-",""),"score:","")) -> 65 | P25: =UPPER(TRIM(IF(H25="",VLOOKUP(L25,merchant_master!$B$1:$E$6,4,0),H25))) -> EU | Q25: {=D25*INDEX(exchange_rates!$C:$C,MATCH(1,(exchange_rates!$A:$A=B25)*(exchange_rates!$B:$B=E25),0))} -> 6649 | R25: =IF(OR(AND(P25="APAC",Q25>5000),AND(P25="EU",Q25>6000),AND(P25="US",Q25>7000)),1,0) -> 1 | S25: =IF(OR(O25>=70,ISNUMBER(SEARCH("chargeback",M25))),1,0) -> 1 | T25: =VLOOKUP(L25,merchant_master!$B$1:$F$6,5,0) -> M005 | U25: =VLOOKUP(L25,merchant_master!$B$1:$C$6,2,0) -> Nina Weber | V25: =VLOOKUP(L25,merchant_master!$B$1:$D$6,3,0) -> Home
A26: T025 | B26: 46084 | C26: City Pharma | D26: 2800 | E26: EUR | F26: captured | G26: 38 | H26: eu | I26: U005 | J26: Wallet | K26: =TEXT(B26,"yyyy-mm-dd") -> 2026-03-03 | L26: =PROPER(TRIM(C26)) -> City Pharma | M26: =PROPER(TRIM(F26)) -> Captured | N26: =IF(ISNUMBER(SEARCH("chargeback",M26)),"chargeback",IF(ISNUMBER(SEARCH("captured",M26)),"captured",IF(ISNUMBER(SEARCH("failed",M26)),"failed","other"))) -> captured | O26: =VALUE(SUBSTITUTE(SUBSTITUTE(G26,"risk-",""),"score:","")) -> 38 | P26: =UPPER(TRIM(IF(H26="",VLOOKUP(L26,merchant_master!$B$1:$E$6,4,0),H26))) -> EU | Q26: {=D26*INDEX(exchange_rates!$C:$C,MATCH(1,(exchange_rates!$A:$A=B26)*(exchange_rates!$B:$B=E26),0))} -> 3024 | R26: =IF(OR(AND(P26="APAC",Q26>5000),AND(P26="EU",Q26>6000),AND(P26="US",Q26>7000)),1,0) -> 0 | S26: =IF(OR(O26>=70,ISNUMBER(SEARCH("chargeback",M26))),1,0) -> 0 | T26: =VLOOKUP(L26,merchant_master!$B$1:$F$6,5,0) -> M003 | U26: =VLOOKUP(L26,merchant_master!$B$1:$C$6,2,0) -> Elena Rossi | V26: =VLOOKUP(L26,merchant_master!$B$1:$D$6,3,0) -> Healthcare
A27: T026 | B27: 46086 | C27: Eco Home | D27: 3300 | E27: EUR | F27: Failed E05 Timeout | G27: 44 | H27: EU | I27: U006 | J27: NetBanking | K27: =TEXT(B27,"yyyy-mm-dd") -> 2026-03-05 | L27: =PROPER(TRIM(C27)) -> Eco Home | M27: =PROPER(TRIM(F27)) -> Failed E05 Timeout | N27: =IF(ISNUMBER(SEARCH("chargeback",M27)),"chargeback",IF(ISNUMBER(SEARCH("captured",M27)),"captured",IF(ISNUMBER(SEARCH("failed",M27)),"failed","other"))) -> failed | O27: =VALUE(SUBSTITUTE(SUBSTITUTE(G27,"risk-",""),"score:","")) -> 44 | P27: =UPPER(TRIM(IF(H27="",VLOOKUP(L27,merchant_master!$B$1:$E$6,4,0),H27))) -> EU | Q27: {=D27*INDEX(exchange_rates!$C:$C,MATCH(1,(exchange_rates!$A:$A=B27)*(exchange_rates!$B:$B=E27),0))} -> 3597 | R27: =IF(OR(AND(P27="APAC",Q27>5000),AND(P27="EU",Q27>6000),AND(P27="US",Q27>7000)),1,0) -> 0 | S27: =IF(OR(O27>=70,ISNUMBER(SEARCH("chargeback",M27))),1,0) -> 0 | T27: =VLOOKUP(L27,merchant_master!$B$1:$F$6,5,0) -> M005 | U27: =VLOOKUP(L27,merchant_master!$B$1:$C$6,2,0) -> Nina Weber | V27: =VLOOKUP(L27,merchant_master!$B$1:$D$6,3,0) -> Home
A28: T027 | B28: 46082 | C28: DELTA TRAVELS | D28: 7200 | E28: USD | F28: captured | G28: 49 | H28: us | I28: U007 | J28: Card | K28: =TEXT(B28,"yyyy-mm-dd") -> 2026-03-01 | L28: =PROPER(TRIM(C28)) -> Delta Travels | M28: =PROPER(TRIM(F28)) -> Captured | N28: =IF(ISNUMBER(SEARCH("chargeback",M28)),"chargeback",IF(ISNUMBER(SEARCH("captured",M28)),"captured",IF(ISNUMBER(SEARCH("failed",M28)),"failed","other"))) -> captured | O28: =VALUE(SUBSTITUTE(SUBSTITUTE(G28,"risk-",""),"score:","")) -> 49 | P28: =UPPER(TRIM(IF(H28="",VLOOKUP(L28,merchant_master!$B$1:$E$6,4,0),H28))) -> US | Q28: {=D28*INDEX(exchange_rates!$C:$C,MATCH(1,(exchange_rates!$A:$A=B28)*(exchange_rates!$B:$B=E28),0))} -> 7200 | R28: =IF(OR(AND(P28="APAC",Q28>5000),AND(P28="EU",Q28>6000),AND(P28="US",Q28>7000)),1,0) -> 1 | S28: =IF(OR(O28>=70,ISNUMBER(SEARCH("chargeback",M28))),1,0) -> 0 | T28: =VLOOKUP(L28,merchant_master!$B$1:$F$6,5,0) -> M004 | U28: =VLOOKUP(L28,merchant_master!$B$1:$C$6,2,0) -> Marcus Lee | V28: =VLOOKUP(L28,merchant_master!$B$1:$D$6,3,0) -> Travel
A29: T028 | B29: 46083 | C29: Delta Travels | D29: 3100 | E29: USD | F29: CAPTURED | G29: risk-41 | H29: US | I29: U008 | J29: Card | K29: =TEXT(B29,"yyyy-mm-dd") -> 2026-03-02 | L29: =PROPER(TRIM(C29)) -> Delta Travels | M29: =PROPER(TRIM(F29)) -> Captured | N29: =IF(ISNUMBER(SEARCH("chargeback",M29)),"chargeback",IF(ISNUMBER(SEARCH("captured",M29)),"captured",IF(ISNUMBER(SEARCH("failed",M29)),"failed","other"))) -> captured | O29: =VALUE(SUBSTITUTE(SUBSTITUTE(G29,"risk-",""),"score:","")) -> 41 | P29: =UPPER(TRIM(IF(H29="",VLOOKUP(L29,merchant_master!$B$1:$E$6,4,0),H29))) -> US | Q29: {=D29*INDEX(exchange_rates!$C:$C,MATCH(1,(exchange_rates!$A:$A=B29)*(exchange_rates!$B:$B=E29),0))} -> 3100 | R29: =IF(OR(AND(P29="APAC",Q29>5000),AND(P29="EU",Q29>6000),AND(P29="US",Q29>7000)),1,0) -> 0 | S29: =IF(OR(O29>=70,ISNUMBER(SEARCH("chargeback",M29))),1,0) -> 0 | T29: =VLOOKUP(L29,merchant_master!$B$1:$F$6,5,0) -> M004 | U29: =VLOOKUP(L29,merchant_master!$B$1:$C$6,2,0) -> Marcus Lee | V29: =VLOOKUP(L29,merchant_master!$B$1:$D$6,3,0) -> Travel
A30: T029 | B30: 46085 | C30: delta travels | D30: 2500 | E30: USD | F30: chargeback | G30: score:58 | H30: US | I30: U009 | J30: Wallet | K30: =TEXT(B30,"yyyy-mm-dd") -> 2026-03-04 | L30: =PROPER(TRIM(C30)) -> Delta Travels | M30: =PROPER(TRIM(F30)) -> Chargeback | N30: =IF(ISNUMBER(SEARCH("chargeback",M30)),"chargeback",IF(ISNUMBER(SEARCH("captured",M30)),"captured",IF(ISNUMBER(SEARCH("failed",M30)),"failed","other"))) -> chargeback | O30: =VALUE(SUBSTITUTE(SUBSTITUTE(G30,"risk-",""),"score:","")) -> 58 | P30: =UPPER(TRIM(IF(H30="",VLOOKUP(L30,merchant_master!$B$1:$E$6,4,0),H30))) -> US | Q30: {=D30*INDEX(exchange_rates!$C:$C,MATCH(1,(exchange_rates!$A:$A=B30)*(exchange_rates!$B:$B=E30),0))} -> 2500 | R30: =IF(OR(AND(P30="APAC",Q30>5000),AND(P30="EU",Q30>6000),AND(P30="US",Q30>7000)),1,0) -> 0 | S30: =IF(OR(O30>=70,ISNUMBER(SEARCH("chargeback",M30))),1,0) -> 1 | T30: =VLOOKUP(L30,merchant_master!$B$1:$F$6,5,0) -> M004 | U30: =VLOOKUP(L30,merchant_master!$B$1:$C$6,2,0) -> Marcus Lee | V30: =VLOOKUP(L30,merchant_master!$B$1:$D$6,3,0) -> Travel
A31: T030 | B31: 46087 | C31: DELTA TRAVELS | D31: 1800 | E31: USD | F31: Failed E05 Timeout | G31: score:47 | H31: US | I31: U010 | J31: UPI | K31: =TEXT(B31,"yyyy-mm-dd") -> 2026-03-06 | L31: =PROPER(TRIM(C31)) -> Delta Travels | M31: =PROPER(TRIM(F31)) -> Failed E05 Timeout | N31: =IF(ISNUMBER(SEARCH("chargeback",M31)),"chargeback",IF(ISNUMBER(SEARCH("captured",M31)),"captured",IF(ISNUMBER(SEARCH("failed",M31)),"failed","other"))) -> failed | O31: =VALUE(SUBSTITUTE(SUBSTITUTE(G31,"risk-",""),"score:","")) -> 47 | P31: =UPPER(TRIM(IF(H31="",VLOOKUP(L31,merchant_master!$B$1:$E$6,4,0),H31))) -> US | Q31: {=D31*INDEX(exchange_rates!$C:$C,MATCH(1,(exchange_rates!$A:$A=B31)*(exchange_rates!$B:$B=E31),0))} -> 1800 | R31: =IF(OR(AND(P31="APAC",Q31>5000),AND(P31="EU",Q31>6000),AND(P31="US",Q31>7000)),1,0) -> 0 | S31: =IF(OR(O31>=70,ISNUMBER(SEARCH("chargeback",M31))),1,0) -> 0 | T31: =VLOOKUP(L31,merchant_master!$B$1:$F$6,5,0) -> M004 | U31: =VLOOKUP(L31,merchant_master!$B$1:$C$6,2,0) -> Marcus Lee | V31: =VLOOKUP(L31,merchant_master!$B$1:$D$6,3,0) -> Travel

Sheet merchant_master
A1: merchant_id | B1: merchant_name | C1: account_manager | D1: merchant_category | E1: default_region | F1: merchant_id
A2: M001 | B2: Alpha Mart | C2: Aisha Khan | D2: Grocery | E2: APAC | F2: =A2 -> M001
A3: M002 | B3: Beta Stores | C3: Rohan Mehta | D3: Electronics | E3: APAC | F3: =A3 -> M002
A4: M003 | B4: City Pharma | C4: Elena Rossi | D4: Healthcare | E4: EU | F4: =A4 -> M003
A5: M004 | B5: Delta Travels | C5: Marcus Lee | D5: Travel | E5: US | F5: =A5 -> M004
A6: M005 | B6: Eco Home | C6: Nina Weber | D6: Home | E6: EU | F6: =A6 -> M005

Sheet exchange_rates
A1: rate_date | B1: currency | C1: usd_rate
A2: 46082 | B2: INR | C2: 0.0119
A3: 46082 | B3: EUR | C3: 1.08
A4: 46082 | B4: USD | C4: 1
A5: 46083 | B5: INR | C5: 0.012
A6: 46083 | B6: EUR | C6: 1.09
A7: 46083 | B7: USD | C7: 1
A8: 46084 | B8: INR | C8: 0.0121
A9: 46084 | B9: EUR | C9: 1.08
A10: 46084 | B10: USD | C10: 1
A11: 46085 | B11: INR | C11: 0.012
A12: 46085 | B12: EUR | C12: 1.07
A13: 46085 | B13: USD | C13: 1
... A19: 46087 | B19: USD | C19: 1

Sheet Insights
A3: Row Labels | B3: Count of transactions_amount_usd | D3: Row Labels | E3: Sum of transactions_amount_usd | F3: Average of risk_score2 | G3: Sum of high_value_flag | H3: Sum of high_risk_flag
A4: Alpha Mart | B4: 11 | D4: Alpha Mart | E4: 40812 | F4: 61.2 | G4: 2 | H4: 2
A5: Beta Stores | B5: 11 | D5: Beta Stores | E5: 41782 | F5: 69.363636 | G5: 3 | H5: 5
A6: City Pharma | B6: 2 | D6: City Pharma | E6: 8640 | F6: 40 | G6: 0 | H6: 0
A7: Delta Travels | B7: 4 | D7: Delta Travels | E7: 14600 | F7: 48.75 | G7: 1 | H7: 1
A8: Eco Home | B8: 2 | D8: Eco Home | E8: 10246 | F8: 54.5 | G8: 1 | H8: 1
A9: Grand Total | B9: 30 | D9: Grand Total | E9: 116080 | F9: 60.655172 | G9: 7 | H9: 9
